{"labels": [0, 0, 0, 0], "scores": [0.9625446200370789, 0.8129185438156128, 0.6314958930015564, 0.0877276062965393], "bboxes": [[211.86282348632812, 197.51727294921875, 451.2693786621094, 282.0131530761719], [103.69844055175781, 163.6236572265625, 218.1614990234375, 207.50204467773438], [180.3529052734375, 91.2084732055664, 307.4823913574219, 134.43417358398438], [119.23607635498047, 62.18914031982422, 332.6170349121094, 162.47369384765625]]}