{"labels": [0, 0, 0, 0, 0, 0, 0, 0, 0, 0, 0, 0, 0, 0, 0, 0, 0, 0, 0, 0, 0, 0, 0, 0, 0], "scores": [0.5912162661552429, 0.5030426383018494, 0.3212941586971283, 0.2317523956298828, 0.17183293402194977, 0.1209724098443985, 0.11219814419746399, 0.10898826271295547, 0.10825259983539581, 0.0986953005194664, 0.09114715456962585, 0.08291851729154587, 0.08098039776086807, 0.07673139125108719, 0.07644719630479813, 0.07053242623806, 0.06716318428516388, 0.06699080765247345, 0.06602170318365097, 0.06584969907999039, 0.06367021799087524, 0.06092057377099991, 0.060582853853702545, 0.058734480291604996, 0.05305030941963196], "bboxes": [[131.67503356933594, 194.44241333007812, 816.4417724609375, 311.89520263671875], [360.24188232421875, 161.88815307617188, 682.4545288085938, 225.8344268798828], [47.082130432128906, 183.1195831298828, 193.5609588623047, 228.07656860351562], [238.64125061035156, 169.79489135742188, 668.33349609375, 256.2493591308594], [333.0260009765625, 165.5221710205078, 781.3850708007812, 279.525634765625], [265.1601867675781, 251.21324157714844, 795.0491943359375, 317.7144470214844], [468.3432312011719, 219.36398315429688, 787.9485473632812, 304.4518737792969], [452.0823669433594, 212.51588439941406, 668.597412109375, 248.1571807861328], [39.77892303466797, 159.519287109375, 272.2995910644531, 256.8209228515625], [445.78662109375, 140.5271759033203, 775.0716552734375, 234.56459045410156], [257.3761291503906, 132.15805053710938, 693.9313354492188, 236.8734588623047], [421.9710998535156, 185.8329315185547, 680.5585327148438, 227.55963134765625], [155.1290740966797, 177.73257446289062, 553.68359375, 288.0735778808594], [39.78799819946289, 127.4467544555664, 208.30201721191406, 242.30136108398438], [53.1217155456543, 207.6365509033203, 193.79931640625, 232.36062622070312], [501.1812438964844, 215.18701171875, 709.3119506835938, 257.972412109375], [43.27667999267578, 112.54682922363281, 366.5160217285156, 252.24766540527344], [384.2324523925781, 210.5348358154297, 601.696533203125, 244.7255096435547], [380.9975280761719, 109.81689453125, 819.7931518554688, 263.8674621582031], [141.6787109375, 242.82530212402344, 503.6496276855469, 313.9476623535156], [347.99053955078125, 188.59608459472656, 569.5731811523438, 230.92019653320312], [384.3318786621094, 197.0760955810547, 722.4364013671875, 266.52276611328125], [283.0986328125, 184.77157592773438, 461.86181640625, 233.26441955566406], [45.70227813720703, 197.59432983398438, 298.9452209472656, 302.1719970703125], [58.98041534423828, 154.18118286132812, 438.0778503417969, 284.1811218261719]]}