{"labels": [1, 1, 0, 0, 0, 0, 2, 0, 0], "scores": [0.7522283792495728, 0.7385998368263245, 0.56315016746521, 0.4176889657974243, 0.2132043093442917, 0.11414750665426254, 0.05976267158985138, 0.05968152731657028, 0.05202736705541611], "bboxes": [[22.49144744873047, 630.6226806640625, 603.7819213867188, 762.4193725585938], [646.62646484375, 602.6018676757812, 1213.6639404296875, 800.0061645507812], [37.74030303955078, 135.67098999023438, 606.1559448242188, 407.0386962890625], [654.3050537109375, 167.1126708984375, 1234.603759765625, 365.2994384765625], [626.1223754882812, 597.0256958007812, 1215.0443115234375, 801.5574340820312], [0.0, 608.2919311523438, 635.1864624023438, 796.7080078125], [630.3152465820312, 330.9060974121094, 672.7557983398438, 354.74334716796875], [119.29960632324219, 228.90988159179688, 999.517578125, 583.3382568359375], [612.2638549804688, 222.73509216308594, 1234.9014892578125, 614.850341796875]]}