{"labels": [0, 0, 0], "scores": [0.15209703147411346, 0.119001604616642, 0.05484481155872345], "bboxes": [[186.02127075195312, 104.23451232910156, 318.80126953125, 145.3687744140625], [228.78515625, 131.88504028320312, 454.8049011230469, 295.49322509765625], [54.37521743774414, 105.09550476074219, 149.6142578125, 131.2467041015625]]}